,PMID,Authors
0,31864665,Alexis Vallard
1,31864665,Nicolas Vial
2,31864665,Omar Jmour
3,31864665,Amel Rehailia-Blanchard
4,31864665,Jane-Chloé Trone
5,31864665,Sandrine Sotton
6,31864665,Elisabeth Daguenet
7,31864665,Jean-Baptiste Guy
8,31864665,Nicolas Magné
0,31642709,Patrick Wohlfahrt
1,31642709,Christian Richter
0,31727300,Juanita Crook
1,31727300,Marina Marbán
2,31727300,Deidre Batchelar
0,31727296,Emma C Fields
1,31727296,Sarah Hazell
2,31727296,Marc Morcos
3,31727296,Ehud J Schmidt
4,31727296,Cyrus Chargari
5,31727296,Akila N Viswanathan
0,32029455,Dea Slade
0,31534086,Eiki Ichihara
1,31534086,Nobuaki Miyahara
2,31534086,Yoshinobu Maeda
3,31534086,Katsuyuki Kiura
0,31557758,Ashley Kieran Clift
1,31557758,Mark Kidd
2,31557758,Lisa Bodei
3,31557758,Christos Toumpanakis
4,31557758,Richard P Baum
5,31557758,Kjell Oberg
6,31557758,Irvin M Modlin
7,31557758,Andrea Frilling
0,31873291,Maria Esperanza Rodriguez-Ruiz
1,31873291,Ilio Vitale
2,31873291,Kevin J Harrington
3,31873291,Ignacio Melero
4,31873291,Lorenzo Galluzzi
0,32080373,John H Suh
1,32080373,Rupesh Kotecha
2,32080373,Samuel T Chao
3,32080373,Manmeet S Ahluwalia
4,32080373,Arjun Sahgal
5,32080373,Eric L Chang
0,32140389,Yu Fu
1,32140389,Qing Lin
2,32140389,Zhirong Zhang
3,32140389,Ling Zhang
0,31529979,Heike Thomas
1,31529979,Beate Timmermann
0,32209603,Lorenzo Galluzzi
1,32209603,Ilio Vitale
2,32209603,Sarah Warren
3,32209603,Sandy Adjemian
4,32209603,Patrizia Agostinis
5,32209603,Aitziber Buqué Martinez
6,32209603,Timothy A Chan
7,32209603,George Coukos
8,32209603,Sandra Demaria
9,32209603,Eric Deutsch
10,32209603,Dobrin Draganov
11,32209603,Richard L Edelson
12,32209603,Silvia C Formenti
13,32209603,Jitka Fucikova
14,32209603,Lucia Gabriele
15,32209603,Udo S Gaipl
16,32209603,Sofia R Gameiro
17,32209603,Abhishek D Garg
18,32209603,Encouse Golden
19,32209603,Jian Han
20,32209603,Kevin J Harrington
21,32209603,Akseli Hemminki
22,32209603,James W Hodge
23,32209603,Dewan Md Sakib Hossain
24,32209603,Tim Illidge
25,32209603,Michael Karin
26,32209603,Howard L Kaufman
27,32209603,Oliver Kepp
28,32209603,Guido Kroemer
29,32209603,Juan Jose Lasarte
30,32209603,Sherene Loi
31,32209603,Michael T Lotze
32,32209603,Gwenola Manic
33,32209603,Taha Merghoub
34,32209603,Alan A Melcher
35,32209603,Karen L Mossman
36,32209603,Felipe Prosper
37,32209603,Øystein Rekdal
38,32209603,Maria Rescigno
39,32209603,Chiara Riganti
40,32209603,Antonella Sistigu
41,32209603,Mark J Smyth
42,32209603,Radek Spisek
43,32209603,John Stagg
44,32209603,Bryan E Strauss
45,32209603,Daolin Tang
46,32209603,Kazuki Tatsuno
47,32209603,Stefaan W van Gool
48,32209603,Peter Vandenabeele
49,32209603,Takahiro Yamazaki
50,32209603,Dmitriy Zamarin
51,32209603,Laurence Zitvogel
52,32209603,Alessandra Cesano
53,32209603,Francesco M Marincola
0,31966910,Tasuku Matsuoka
1,31966910,Masakazu Yashiro
0,31591051,Livia Lamartina
1,31591051,Giorgio Grani
2,31591051,Cosimo Durante
3,31591051,Sebastiano Filetti
4,31591051,David S Cooper
0,31973030,Yolanda Pires-Afonso
1,31973030,Simone P Niclou
2,31973030,Alessandro Michelucci
0,32039208,Joseph Parsons
1,32039208,Chiara Francavilla
0,31939072,Alexander C Cohen
1,31939072,Brandon M Roane
2,31939072,Charles A Leath 3rd
0,31990369,William H McBride
1,31990369,Dörthe Schaue
0,31743054,Kaspar Draaisma
1,31743054,Aikaterini Chatzipli
2,31743054,Martin Taphoorn
3,31743054,Melissa Kerkhof
4,31743054,Astrid Weyerbrock
5,31743054,Marc Sanson
6,31743054,Ann Hoeben
7,31743054,Slávka Lukacova
8,31743054,Giuseppe Lombardi
9,31743054,Sieger Leenstra
10,31743054,Monique Hanse
11,31743054,Ruth Fleischeuer
12,31743054,Colin Watts
13,31743054,Joseph McAbee
14,31743054,Nicos Angelopoulos
15,31743054,Thierry Gorlia
16,31743054,Vassilis Golfinopoulos
17,31743054,Johan M Kros
18,31743054,Roel G W Verhaak
19,31743054,Vincent Bours
20,31743054,Martin J van den Bent
21,31743054,Ultan McDermott
22,31743054,Pierre A Robe
23,31743054,Pim J French
0,31989237,Ryota Nakanishi
1,31989237,Tomohiro Yamaguchi
2,31989237,Takashi Akiyoshi
3,31989237,Toshiya Nagasaki
4,31989237,Satoshi Nagayama
5,31989237,Toshiki Mukai
6,31989237,Masashi Ueno
7,31989237,Yosuke Fukunaga
8,31989237,Tsuyoshi Konishi
0,31863097,Meaghan J Griffiths
1,31863097,Amy L Winship
2,31863097,Karla J Hutt
0,31650265,Fan Tang
1,31650265,Shujun Liang
2,31650265,Tao Zhong
3,31650265,Xia Huang
4,31650265,Xiaogang Deng
5,31650265,Yu Zhang
6,31650265,Linghong Zhou
0,32001144,Silke Gillessen
1,32001144,Gerhardt Attard
2,32001144,Tomasz M Beer
3,32001144,Himisha Beltran
4,32001144,Anders Bjartell
5,32001144,Alberto Bossi
6,32001144,Alberto Briganti
7,32001144,Rob G Bristow
8,32001144,Kim N Chi
9,32001144,Noel Clarke
10,32001144,Ian D Davis
11,32001144,Johann de Bono
12,32001144,Charles G Drake
13,32001144,Ignacio Duran
14,32001144,Ros Eeles
15,32001144,Eleni Efstathiou
16,32001144,Christopher P Evans
17,32001144,Stefano Fanti
18,32001144,Felix Y Feng
19,32001144,Karim Fizazi
20,32001144,Mark Frydenberg
21,32001144,Martin Gleave
22,32001144,Susan Halabi
23,32001144,Axel Heidenreich
24,32001144,Daniel Heinrich
25,32001144,Celestia Tia S Higano
26,32001144,Michael S Hofman
27,32001144,Maha Hussain
28,32001144,Nicolas James
29,32001144,Ravindran Kanesvaran
30,32001144,Philip Kantoff
31,32001144,Raja B Khauli
32,32001144,Raya Leibowitz
33,32001144,Chris Logothetis
34,32001144,Fernando Maluf
35,32001144,Robin Millman
36,32001144,Alicia K Morgans
37,32001144,Michael J Morris
38,32001144,Nicolas Mottet
39,32001144,Hind Mrabti
40,32001144,Declan G Murphy
41,32001144,Vedang Murthy
42,32001144,William K Oh
43,32001144,Piet Ost
44,32001144,Joe M O'Sullivan
45,32001144,Anwar R Padhani
46,32001144,Chris Parker
47,32001144,Darren M C Poon
48,32001144,Colin C Pritchard
49,32001144,Robert E Reiter
50,32001144,Mack Roach
51,32001144,Mark Rubin
52,32001144,Charles J Ryan
53,32001144,Fred Saad
54,32001144,Juan Pablo Sade
55,32001144,Oliver Sartor
56,32001144,Howard I Scher
57,32001144,Neal Shore
58,32001144,Eric Small
59,32001144,Matthew Smith
60,32001144,Howard Soule
61,32001144,Cora N Sternberg
62,32001144,Thomas Steuber
63,32001144,Hiroyoshi Suzuki
64,32001144,Christopher Sweeney
65,32001144,Matthew R Sydes
66,32001144,Mary-Ellen Taplin
67,32001144,Bertrand Tombal
68,32001144,Levent Türkeri
69,32001144,Inge van Oort
70,32001144,Almudena Zapatero
71,32001144,Aurelius Omlin
0,31814296,Ming-Yii Huang
1,31814296,Ching-Wen Huang
2,31814296,Jaw-Yuan Wang
0,31580929,Lucas K Vitzthum
1,31580929,Helen Park
2,31580929,Kaveh Zakeri
3,31580929,Alex K Bryant
4,31580929,Christine Feng
5,31580929,Hanjie Shen
6,31580929,Ezra E W Cohen
7,31580929,James D Murphy
8,31580929,Loren K Mell
0,31862441,Bruna Costa
1,31862441,Susana Ferreira
2,31862441,Vanda Póvoa
3,31862441,Maria João Cardoso
4,31862441,Sandra Vieira
5,31862441,Joep Stroom
6,31862441,Paulo Fidalgo
7,31862441,Ricardo Rio-Tinto
8,31862441,Nuno Figueiredo
9,31862441,Oriol Parés
10,31862441,Carlo Greco
11,31862441,Miguel Godinho Ferreira
12,31862441,Rita Fior
0,32117972,Joseph Sia
1,32117972,Radoslaw Szmyd
2,32117972,Eric Hau
3,32117972,Harriet E Gee
0,31483520,Soraya Gavazzi
1,31483520,Yulia Shcherbakova
2,31483520,Lambertus W Bartels
3,31483520,Lukas J A Stalpers
4,31483520,Jan J W Lagendijk
5,31483520,Hans Crezee
6,31483520,Cornelis A T van den Berg
7,31483520,Astrid L H M W van Lier
0,31687835,Simon Deycmar
1,31687835,Erica Faccin
2,31687835,Tamara Kazimova
3,31687835,Philip A Knobel
4,31687835,Irma Telarovic
5,31687835,Fabienne Tschanz
6,31687835,Verena Waller
7,31687835,Rona Winkler
8,31687835,Carmen Yong
9,31687835,Dario Zingariello
10,31687835,Martin Pruschy
0,31965813,Issam El Naqa
1,31965813,Masoom A Haider
2,31965813,Maryellen L Giger
3,31965813,Randall K Ten Haken
0,31790976,L Beck
1,31790976,J J Velthuis
2,31790976,S Fletcher
3,31790976,J A Haynes
4,31790976,R F Page
0,31834641,Lan Lu
1,31834641,Yong Chen
2,31834641,Colette Shen
3,31834641,Jun Lian
4,31834641,Shiva Das
5,31834641,Lawrence Marks
6,31834641,Weili Lin
7,31834641,Tong Zhu
0,31930680,Carmen Griñán-Lisón
1,31930680,María Auxiliadora Olivares-Urbano
2,31930680,Gema Jiménez
3,31930680,Elena López-Ruiz
4,31930680,Coral Del Val
5,31930680,Cynthia Morata-Tarifa
6,31930680,José Manuel Entrena
7,31930680,Amanda Rocío González-Ramírez
8,31930680,Houria Boulaiz
9,31930680,Mercedes Zurita Herrera
10,31930680,María Isabel Núñez
11,31930680,Juan Antonio Marchal
0,31991224,Louis De Courcy
1,31991224,Eva Bezak
2,31991224,Loredana G Marcu
0,32101479,Sandra Demaria
1,32101479,Silvia C Formenti
0,31194323,Lauren Harris
1,31194323,Joe M Das
0,31784804,Marcus Beck
1,31784804,Dirk Böhmer
2,31784804,Daniel M Aebersold
3,31784804,Clemens Albrecht
4,31784804,Michael Flentje
5,31784804,Ute Ganswindt
6,31784804,Stefan Höcht
7,31784804,Tobias Hölscher
8,31784804,Arndt-Christian Müller
9,31784804,Peter Niehoff
10,31784804,Michael Pinkawa
11,31784804,Felix Sedlmayer
12,31784804,Daniel Zips
13,31784804,Sebastian Zschaeck
14,31784804,Volker Budach
15,31784804,Thomas Wiegel
16,31784804,Pirus Ghadjar
17,31784804,Prostate Cancer Expert Panel of the German Society of Radiation Oncology (DEGRO) and the Working Party Radiation Oncology of the German Cancer Society (DKG-ARO)
0,33055389,Giacomo Benassai
1,33055389,Andrea Miletti
2,33055389,Francesca Calemma
3,33055389,Ermenegildo Furino
4,33055389,Giovanni Domenico De Palma
5,33055389,Gennaro Quarto
0,31837443,Kewen He
1,31837443,Shaotong Zhang
2,31837443,Liang L Shao
3,31837443,Jiani C Yin
4,31837443,Xue Wu
5,31837443,Yang W Shao
6,31837443,Shuanghu Yuan
7,31837443,Jinming Yu
0,32175121,Eugene J Vaios
1,32175121,Jennifer Y Wo
0,31505246,Wee Loon Ong
1,31505246,Farshad Foroudi
2,31505246,Roger L Milne
3,31505246,Jeremy L Millar
0,32026343,P Gargallo
1,32026343,A Juan
2,32026343,Y Yáñez
3,32026343,S Dolz
4,32026343,V Segura
5,32026343,V Castel
6,32026343,A Cañete
0,32117287,Luise Müller
1,32117287,Antje Tunger
2,32117287,Ioana Plesca
3,32117287,Rebekka Wehner
4,32117287,Achim Temme
5,32117287,Dana Westphal
6,32117287,Friedegund Meier
7,32117287,Michael Bachmann
8,32117287,Marc Schmitz
0,32757820,Hao-Ran Zhang
1,32757820,Ji-Kai Li
2,32757820,Xiong-Gang Yang
3,32757820,Rui-Qi Qiao
4,32757820,Yong-Cheng Hu
0,31822959,Cristina Nanni
1,31822959,Lucia Zanoni
2,31822959,Tore Bach-Gansmo
3,31822959,Heikki Minn
4,31822959,Frode Willoch
5,31822959,Trond Velde Bogsrud
6,31822959,Ephraim Parent Edward
7,31822959,Bital Savir-Baruch
8,31822959,Eugene Teoh
9,31822959,Fenton Ingram
10,31822959,Stefano Fanti
11,31822959,David M Schuster
0,32034066,Samuel Chuah
1,32034066,Valerie Chew
0,33232028,Rahul Kumar
1,33232028,Orlando De Jesus
0,32398982,Tobias Forster
1,32398982,Clara Victoria Katharina Köhler
2,32398982,Jürgen Debus
3,32398982,Juliane Hörner-Rieber
0,32379663,Valerio Nardone
1,32379663,Claudia Vinciguerra
2,32379663,Pierpaolo Correale
3,32379663,Cesare Guida
4,32379663,Paolo Tini
5,32379663,Alfonso Reginelli
6,32379663,Salvatore Cappabianca
0,32074802,J Liu
1,32074802,Y P Liu
0,31910120,Pataje G S Prasanna
1,31910120,Deepa Narayanan
2,31910120,Kehui Zhang
3,31910120,Amir Rahbar
4,31910120,C Norman Coleman
5,31910120,Bhadrasain Vikram
0,32594410,Katharina Seidensaal
1,32594410,Semi Ben Harrabi
2,32594410,Jürgen Debus
0,32063417,M Jreij
1,32063417,Z Al Kattar
2,32063417,J Charara
0,31936319,Matteo Renzulli
1,31936319,Alfredo Clemente
2,31936319,Anna Maria Ierardi
3,31936319,Irene Pettinari
4,31936319,Francesco Tovoli
5,31936319,Stefano Brocchi
6,31936319,Giuliano Peta
7,31936319,Salvatore Cappabianca
8,31936319,Gianpaolo Carrafiello
9,31936319,Rita Golfieri
0,32087469,Carlo Greco
1,32087469,Oriol Pares
2,32087469,Nuno Pimentel
3,32087469,Vasco Louro
4,32087469,Javier Morales
5,32087469,Beatriz Nunes
6,32087469,Ana Luisa Vasconcelos
7,32087469,Ines Antunes
8,32087469,Justyna Kociolek
9,32087469,Joep Stroom
10,32087469,Sandra Viera
11,32087469,Dalila Mateus
12,32087469,Maria Joao Cardoso
13,32087469,Ana Soares
14,32087469,Joao Marques
15,32087469,Elda Freitas
16,32087469,Graca Coelho
17,32087469,Zvi Fuks
0,31705815,Yoshiyuki Hirano
1,31705815,Satoshi Kodaira
2,31705815,Hikaru Souda
3,31705815,Kohei Osaki
4,31705815,Masami Torikoshi
0,32120064,Sena Alaeikhanehshir
1,32120064,Ellen G Engelhardt
2,32120064,Frederieke H van Duijnhoven
3,32120064,Maartje van Seijen
4,32120064,Patrick A Bhairosing
5,32120064,Donna Pinto
6,32120064,Deborah Collyar
7,32120064,Elinor Sawyer
8,32120064,Shelley E Hwang
9,32120064,Alastair M Thompson
10,32120064,Jelle Wesseling
11,32120064,Esther H Lips
12,32120064,Marjanka K Schmidt
13,32120064,PRECISION
0,32111228,Konstantin Christoph Koban
1,32111228,Lucas Etzel
2,32111228,Zhouxiao Li
3,32111228,Montserrat Pazos
4,32111228,Stephan Schönecker
5,32111228,Claus Belka
6,32111228,Riccardo Enzo Giunta
7,32111228,Thilo Ludwig Schenck
8,32111228,Stefanie Corradini
0,32001326,Santu Sarkar
1,32001326,Nicole Levi-Polyachenko
0,31385309,Alessandro Pulsoni
1,31385309,Irene Della Starza
2,31385309,Luca V Cappelli
3,31385309,Maria E Tosti
4,31385309,Giorgia Annechini
5,31385309,Marzia Cavalli
6,31385309,Lucia A De Novi
7,31385309,Gianna M D'Elia
8,31385309,Lavinia Grapulin
9,31385309,Anna Guarini
10,31385309,Ilaria Del Giudice
11,31385309,Robin Foà
0,32120819,Amlan Chakraborty
1,32120819,Simon G Royce
2,32120819,Cordelia Selomulya
3,32120819,Magdalena Plebanski
0,32079015,Mark A D'Andrea
1,32079015,G Kesava Reddy
0,31977383,Andrew Loblaw
0,31902174,H H Jiang
1,31902174,S Lin
0,33174525,Chunbo He
1,33174525,Shilin Zhang
2,33174525,Lei Shi
0,31851954,Cong Zhu
1,31851954,Steven H Lin
2,31851954,Xiaoqian Jiang
3,31851954,Yang Xiang
4,31851954,Zayne Belal
5,31851954,Goo Jun
6,31851954,Radhe Mohan
0,32097413,S J Blocker
1,32097413,M D Holbrook
2,32097413,Y M Mowery
3,32097413,D C Sullivan
4,32097413,C T Badea
0,32395142,Melis Gultekin
1,32395142,Caglayan Selenge Beduk Esen
2,32395142,Utku Akgor
3,32395142,Mehmet Coskun Salman
4,32395142,Murat Tuncel
5,32395142,Mustafa Ozmen
6,32395142,Ferah Yildiz
0,31881547,Th I Götz
1,31881547,C Schmidkonz
2,31881547,S Chen
3,31881547,S Al-Baddai
4,31881547,T Kuwert
5,31881547,E W Lang
0,32028671,Hidenori Suzuki
1,32028671,Eiichi Sasaki
2,32028671,Risa Motai
3,32028671,Seiya Goto
4,32028671,Daisuke Nishikawa
5,32028671,Shintaro Beppu
6,32028671,Hoshino Terada
7,32028671,Michi Sawabe
8,32028671,Nobuhiro Hanai
0,31955430,Moritz Rabe
1,31955430,Christian Thieke
2,31955430,Mathias Düsberg
3,31955430,Sebastian Neppl
4,31955430,Sabine Gerum
5,31955430,Michael Reiner
6,31955430,Nils Henrik Nicolay
7,31955430,Heinz-Peter Schlemmer
8,31955430,Jürgen Debus
9,31955430,Julien Dinkel
10,31955430,Guillaume Landry
11,31955430,Katia Parodi
12,31955430,Claus Belka
13,31955430,Christopher Kurz
14,31955430,Florian Kamp
0,32229806,Joongyo Lee
1,32229806,Seung Yeun Chung
2,32229806,Jung Woo Han
3,32229806,Dong-Seok Kim
4,32229806,Jina Kim
5,32229806,Jin Young Moon
6,32229806,Hong In Yoon
7,32229806,Chang-Ok Suh
0,31955374,Morten Aa Petersen
1,31955374,Neil K Aaronson
2,31955374,Thierry Conroy
3,31955374,Anna Costantini
4,31955374,Johannes M Giesinger
5,31955374,Eva Hammerlid
6,31955374,Bernhard Holzner
7,31955374,Colin D Johnson
8,31955374,Jacobien M Kieffer
9,31955374,Marieke van Leeuwen
10,31955374,Sandra Nolte
11,31955374,John K Ramage
12,31955374,Krzysztof A Tomaszewski
13,31955374,Annika Waldmann
14,31955374,Teresa Young
15,31955374,Paola Zotti
16,31955374,Mogens Groenvold
17,31955374,European Organisation for Research and Treatment of Cancer (EORTC) Quality of Life Group
0,32238688,Miwako Takahashi
1,32238688,Taiga Yamaya
0,32127959,Lehui Du
1,32127959,Na Ma
2,32127959,Xiangkun Dai
3,32127959,Wei Yu
4,32127959,Xiang Huang
5,32127959,Shouping Xu
6,32127959,Fang Liu
7,32127959,Qiduo He
8,32127959,Yanli Liu
9,32127959,Qian Wang
10,32127959,Xiangtao Liu
11,32127959,Hui Zheng
12,32127959,Baolin Qu
0,32013101,Antonello Sica
1,32013101,Paola Vitiello
2,32013101,Andrea Ronchi
3,32013101,Beniamino Casale
4,32013101,Armando Calogero
5,32013101,Evangelista Sagnelli
6,32013101,Gilca Costa Nachtigal
7,32013101,Teresa Troiani
8,32013101,Renato Franco
9,32013101,Giuseppe Argenziano
10,32013101,Elvira Moscarella
11,32013101,Caterina Sagnelli
0,32090175,Pierfrancesco Franco
1,32090175,Fiorenza De Rose
2,32090175,Maria Carmen De Santis
3,32090175,Nadia Pasinetti
4,32090175,Valentina Lancellotta
5,32090175,Bruno Meduri
6,32090175,Icro Meattini
7,32090175,Clinical Oncology Breast Cancer Group (COBCG) Investigators
0,31793608,Shuxin Lv
1,31793608,Wei Long
2,31793608,Junchi Chen
3,31793608,Qinjuan Ren
4,31793608,Junying Wang
5,31793608,Xiaoyu Mu
6,31793608,Haile Liu
7,31793608,Xiao-Dong Zhang
8,31793608,Ruiping Zhang
0,32033391,Roberto Cascone
1,32033391,Antonello Sica
2,32033391,Caterina Sagnelli
3,32033391,Annalisa Carlucci
4,32033391,Armando Calogero
5,32033391,Mario Santini
6,32033391,Alfonso Fiorelli
0,32552648,Aman Vasistha
1,32552648,Rishi Kothari
2,32552648,Adarsh Mishra
3,32552648,Fernando De Andrés
4,32552648,Adrián LLerena
5,32552648,Sujit Nair
0,32117761,Munehiro Ito
1,32117761,Yutaka Fujiwara
2,32117761,Takashi Kubo
3,32117761,Hiromichi Matsushita
4,32117761,Tadashi Kumamoto
5,32117761,Tatsuya Suzuki
6,32117761,Kuniko Sunami
7,32117761,Noboru Yamamoto
8,32117761,Takashi Kohno
0,32342817,Philip Penketh
1,32342817,Hugh Williamson
2,32342817,Krishnamurthy Shyam
0,32000411,Fan Lu
1,32000411,Qing Zhong
2,32000411,Jie Tian
3,32000411,Kexian Zhang
0,31926750,Sarah A Mason
1,31926750,Ingrid M White
2,31926750,Susan Lalondrelle
3,31926750,Jeffrey C Bamber
4,31926750,Emma J Harris
0,32031456,Pawan Kumar Singh
1,32031456,Rajender Kumar
2,32031456,Amanjit Bal
3,32031456,Nalini Gupta
4,32031456,Rakesh Kapoor
5,32031456,Kuruswamy Thurai Prasad
6,32031456,Navneet Singh
0,32415033,Ajay Sasidharan
1,32415033,Anuj Verma
2,32415033,Sridhar Epari
3,32415033,Tejpal Gupta
4,32415033,Siddhartha Laskar
5,32415033,Nehal Khanna
6,32415033,Rahul Krishnartry
7,32415033,Bhausaheb Bagel
8,32415033,Hasmukh Jain
9,32415033,Jayant S Goda
0,32238678,Yoshikazu Uchiyama
0,31654784,Daniel M Trifiletti
1,31654784,Karla V Ballman
2,31654784,Paul D Brown
3,31654784,S Keith Anderson
4,31654784,Xiomara W Carrero
5,31654784,Jane H Cerhan
6,31654784,Anthony C Whitton
7,31654784,Jeffrey Greenspoon
8,31654784,Ian F Parney
9,31654784,Nadia N Laack
10,31654784,Jonathan B Ashman
11,31654784,Jean-Paul Bahary
12,31654784,Costas G Hadjipanayis
13,31654784,James J Urbanic
14,31654784,Fred G Barker 2nd
15,31654784,Elana Farace
16,31654784,Deepak Khuntia
17,31654784,Caterina Giannini
18,31654784,Jan C Buckner
19,31654784,Evanthia Galanis
20,31654784,David Roberge
0,31765737,Hai-Long Wang
1,31765737,Peng-Fei Liu
2,31765737,Jie Yue
3,31765737,Wen-Hua Jiang
4,31765737,Yun-Long Cui
5,31765737,He Ren
6,31765737,Han Wang
7,31765737,Yan Zhuang
8,31765737,Yong Liu
9,31765737,Da Jiang
10,31765737,Qian Dong
11,31765737,Hui Zhang
12,31765737,Jia-Hui Mi
13,31765737,Zan-Mei Xu
14,31765737,Cai-Juan Tian
15,31765737,Zhen-Zhen Zhang
16,31765737,Xiao-Wei Wang
17,31765737,Mei-Na Su
18,31765737,Wei Lu
0,31653573,Lisanne V van Dijk
1,31653573,Lisa Van den Bosch
2,31653573,Paul Aljabar
3,31653573,Devis Peressutti
4,31653573,Stefan Both
5,31653573,Roel J H M Steenbakkers
6,31653573,Johannes A Langendijk
7,31653573,Mark J Gooding
8,31653573,Charlotte L Brouwer
0,31889920,Wiktoria M Suchorska
0,31610250,Benedikt Kopp
1,31610250,Stewart Mein
2,31610250,Ivana Dokic
3,31610250,Semi Harrabi
4,31610250,Till Tobias Böhlen
5,31610250,Thomas Haberer
6,31610250,Jürgen Debus
7,31610250,Amir Abdollahi
8,31610250,Andrea Mairani
0,31911677,Laura Fachal
1,31911677,Hugues Aschard
2,31911677,Jonathan Beesley
3,31911677,Daniel R Barnes
4,31911677,Jamie Allen
5,31911677,Siddhartha Kar
6,31911677,Karen A Pooley
7,31911677,Joe Dennis
8,31911677,Kyriaki Michailidou
9,31911677,Constance Turman
10,31911677,Penny Soucy
11,31911677,Audrey Lemaçon
12,31911677,Michael Lush
13,31911677,Jonathan P Tyrer
14,31911677,Maya Ghoussaini
15,31911677,Mahdi Moradi Marjaneh
16,31911677,Xia Jiang
17,31911677,Simona Agata
18,31911677,Kristiina Aittomäki
19,31911677,M Rosario Alonso
20,31911677,Irene L Andrulis
21,31911677,Hoda Anton-Culver
22,31911677,Natalia N Antonenkova
23,31911677,Adalgeir Arason
24,31911677,Volker Arndt
25,31911677,Kristan J Aronson
26,31911677,Banu K Arun
27,31911677,Bernd Auber
28,31911677,Paul L Auer
29,31911677,Jacopo Azzollini
30,31911677,Judith Balmaña
31,31911677,Rosa B Barkardottir
32,31911677,Daniel Barrowdale
33,31911677,Alicia Beeghly-Fadiel
34,31911677,Javier Benitez
35,31911677,Marina Bermisheva
36,31911677,Katarzyna Białkowska
37,31911677,Amie M Blanco
38,31911677,Carl Blomqvist
39,31911677,William Blot
40,31911677,Natalia V Bogdanova
41,31911677,Stig E Bojesen
42,31911677,Manjeet K Bolla
43,31911677,Bernardo Bonanni
44,31911677,Ake Borg
45,31911677,Kristin Bosse
46,31911677,Hiltrud Brauch
47,31911677,Hermann Brenner
48,31911677,Ignacio Briceno
49,31911677,Ian W Brock
50,31911677,Angela Brooks-Wilson
51,31911677,Thomas Brüning
52,31911677,Barbara Burwinkel
53,31911677,Saundra S Buys
54,31911677,Qiuyin Cai
55,31911677,Trinidad Caldés
56,31911677,Maria A Caligo
57,31911677,Nicola J Camp
58,31911677,Ian Campbell
59,31911677,Federico Canzian
60,31911677,Jason S Carroll
61,31911677,Brian D Carter
62,31911677,Jose E Castelao
63,31911677,Jocelyne Chiquette
64,31911677,Hans Christiansen
65,31911677,Wendy K Chung
66,31911677,Kathleen B M Claes
67,31911677,Christine L Clarke
68,31911677,GEMO Study Collaborators
69,31911677,EMBRACE Collaborators
70,31911677,J Margriet Collée
71,31911677,Sten Cornelissen
72,31911677,Fergus J Couch
73,31911677,Angela Cox
74,31911677,Simon S Cross
75,31911677,Cezary Cybulski
76,31911677,Kamila Czene
77,31911677,Mary B Daly
78,31911677,Miguel de la Hoya
79,31911677,Peter Devilee
80,31911677,Orland Diez
81,31911677,Yuan Chun Ding
82,31911677,Gillian S Dite
83,31911677,Susan M Domchek
84,31911677,Thilo Dörk
85,31911677,Isabel Dos-Santos-Silva
86,31911677,Arnaud Droit
87,31911677,Stéphane Dubois
88,31911677,Martine Dumont
89,31911677,Mercedes Duran
90,31911677,Lorraine Durcan
91,31911677,Miriam Dwek
92,31911677,Diana M Eccles
93,31911677,Christoph Engel
94,31911677,Mikael Eriksson
95,31911677,D Gareth Evans
96,31911677,Peter A Fasching
97,31911677,Olivia Fletcher
98,31911677,Giuseppe Floris
99,31911677,Henrik Flyger
100,31911677,Lenka Foretova
101,31911677,William D Foulkes
102,31911677,Eitan Friedman
103,31911677,Lin Fritschi
104,31911677,Debra Frost
105,31911677,Marike Gabrielson
106,31911677,Manuela Gago-Dominguez
107,31911677,Gaetana Gambino
108,31911677,Patricia A Ganz
109,31911677,Susan M Gapstur
110,31911677,Judy Garber
111,31911677,José A García-Sáenz
112,31911677,Mia M Gaudet
113,31911677,Vassilios Georgoulias
114,31911677,Graham G Giles
115,31911677,Gord Glendon
116,31911677,Andrew K Godwin
117,31911677,Mark S Goldberg
118,31911677,David E Goldgar
119,31911677,Anna González-Neira
120,31911677,Maria Grazia Tibiletti
121,31911677,Mark H Greene
122,31911677,Mervi Grip
123,31911677,Jacek Gronwald
124,31911677,Anne Grundy
125,31911677,Pascal Guénel
126,31911677,Eric Hahnen
127,31911677,Christopher A Haiman
128,31911677,Niclas Håkansson
129,31911677,Per Hall
130,31911677,Ute Hamann
131,31911677,Patricia A Harrington
132,31911677,Jaana M Hartikainen
133,31911677,Mikael Hartman
134,31911677,Wei He
135,31911677,Catherine S Healey
136,31911677,Bernadette A M Heemskerk-Gerritsen
137,31911677,Jane Heyworth
138,31911677,Peter Hillemanns
139,31911677,Frans B L Hogervorst
140,31911677,Antoinette Hollestelle
141,31911677,Maartje J Hooning
142,31911677,John L Hopper
143,31911677,Anthony Howell
144,31911677,Guanmengqian Huang
145,31911677,Peter J Hulick
146,31911677,Evgeny N Imyanitov
147,31911677,KConFab Investigators
148,31911677,HEBON Investigators
149,31911677,ABCTB Investigators
150,31911677,Claudine Isaacs
151,31911677,Motoki Iwasaki
152,31911677,Agnes Jager
153,31911677,Milena Jakimovska
154,31911677,Anna Jakubowska
155,31911677,Paul A James
156,31911677,Ramunas Janavicius
157,31911677,Rachel C Jankowitz
158,31911677,Esther M John
159,31911677,Nichola Johnson
160,31911677,Michael E Jones
161,31911677,Arja Jukkola-Vuorinen
162,31911677,Audrey Jung
163,31911677,Rudolf Kaaks
164,31911677,Daehee Kang
165,31911677,Pooja Middha Kapoor
166,31911677,Beth Y Karlan
167,31911677,Renske Keeman
168,31911677,Michael J Kerin
169,31911677,Elza Khusnutdinova
170,31911677,Johanna I Kiiski
171,31911677,Judy Kirk
172,31911677,Cari M Kitahara
173,31911677,Yon-Dschun Ko
174,31911677,Irene Konstantopoulou
175,31911677,Veli-Matti Kosma
176,31911677,Stella Koutros
177,31911677,Katerina Kubelka-Sabit
178,31911677,Ava Kwong
179,31911677,Kyriacos Kyriacou
180,31911677,Yael Laitman
181,31911677,Diether Lambrechts
182,31911677,Eunjung Lee
183,31911677,Goska Leslie
184,31911677,Jenny Lester
185,31911677,Fabienne Lesueur
186,31911677,Annika Lindblom
187,31911677,Wing-Yee Lo
188,31911677,Jirong Long
189,31911677,Artitaya Lophatananon
190,31911677,Jennifer T Loud
191,31911677,Jan Lubiński
192,31911677,Robert J MacInnis
193,31911677,Tom Maishman
194,31911677,Enes Makalic
195,31911677,Arto Mannermaa
196,31911677,Mehdi Manoochehri
197,31911677,Siranoush Manoukian
198,31911677,Sara Margolin
199,31911677,Maria Elena Martinez
200,31911677,Keitaro Matsuo
201,31911677,Tabea Maurer
202,31911677,Dimitrios Mavroudis
203,31911677,Rebecca Mayes
204,31911677,Lesley McGuffog
205,31911677,Catriona McLean
206,31911677,Noura Mebirouk
207,31911677,Alfons Meindl
208,31911677,Austin Miller
209,31911677,Nicola Miller
210,31911677,Marco Montagna
211,31911677,Fernando Moreno
212,31911677,Kenneth Muir
213,31911677,Anna Marie Mulligan
214,31911677,Victor M Muñoz-Garzon
215,31911677,Taru A Muranen
216,31911677,Steven A Narod
217,31911677,Rami Nassir
218,31911677,Katherine L Nathanson
219,31911677,Susan L Neuhausen
220,31911677,Heli Nevanlinna
221,31911677,Patrick Neven
222,31911677,Finn C Nielsen
223,31911677,Liene Nikitina-Zake
224,31911677,Aaron Norman
225,31911677,Kenneth Offit
226,31911677,Edith Olah
227,31911677,Olufunmilayo I Olopade
228,31911677,Håkan Olsson
229,31911677,Nick Orr
230,31911677,Ana Osorio
231,31911677,V Shane Pankratz
232,31911677,Janos Papp
233,31911677,Sue K Park
234,31911677,Tjoung-Won Park-Simon
235,31911677,Michael T Parsons
236,31911677,James Paul
237,31911677,Inge Sokilde Pedersen
238,31911677,Bernard Peissel
239,31911677,Beth Peshkin
240,31911677,Paolo Peterlongo
241,31911677,Julian Peto
242,31911677,Dijana Plaseska-Karanfilska
243,31911677,Karolina Prajzendanc
244,31911677,Ross Prentice
245,31911677,Nadege Presneau
246,31911677,Darya Prokofyeva
247,31911677,Miquel Angel Pujana
248,31911677,Katri Pylkäs
249,31911677,Paolo Radice
250,31911677,Susan J Ramus
251,31911677,Johanna Rantala
252,31911677,Rohini Rau-Murthy
253,31911677,Gad Rennert
254,31911677,Harvey A Risch
255,31911677,Mark Robson
256,31911677,Atocha Romero
257,31911677,Maria Rossing
258,31911677,Emmanouil Saloustros
259,31911677,Estela Sánchez-Herrero
260,31911677,Dale P Sandler
261,31911677,Marta Santamariña
262,31911677,Christobel Saunders
263,31911677,Elinor J Sawyer
264,31911677,Maren T Scheuner
265,31911677,Daniel F Schmidt
266,31911677,Rita K Schmutzler
267,31911677,Andreas Schneeweiss
268,31911677,Minouk J Schoemaker
269,31911677,Ben Schöttker
270,31911677,Peter Schürmann
271,31911677,Christopher Scott
272,31911677,Rodney J Scott
273,31911677,Leigha Senter
274,31911677,Caroline M Seynaeve
275,31911677,Mitul Shah
276,31911677,Priyanka Sharma
277,31911677,Chen-Yang Shen
278,31911677,Xiao-Ou Shu
279,31911677,Christian F Singer
280,31911677,Thomas P Slavin
281,31911677,Snezhana Smichkoska
282,31911677,Melissa C Southey
283,31911677,John J Spinelli
284,31911677,Amanda B Spurdle
285,31911677,Jennifer Stone
286,31911677,Dominique Stoppa-Lyonnet
287,31911677,Christian Sutter
288,31911677,Anthony J Swerdlow
289,31911677,Rulla M Tamimi
290,31911677,Yen Yen Tan
291,31911677,William J Tapper
292,31911677,Jack A Taylor
293,31911677,Manuel R Teixeira
294,31911677,Maria Tengström
295,31911677,Soo Hwang Teo
296,31911677,Mary Beth Terry
297,31911677,Alex Teulé
298,31911677,Mads Thomassen
299,31911677,Darcy L Thull
300,31911677,Marc Tischkowitz
301,31911677,Amanda E Toland
302,31911677,Rob A E M Tollenaar
303,31911677,Ian Tomlinson
304,31911677,Diana Torres
305,31911677,Gabriela Torres-Mejía
306,31911677,Melissa A Troester
307,31911677,Thérèse Truong
308,31911677,Nadine Tung
309,31911677,Maria Tzardi
310,31911677,Hans-Ulrich Ulmer
311,31911677,Celine M Vachon
312,31911677,Christi J van Asperen
313,31911677,Lizet E van der Kolk
314,31911677,Elizabeth J van Rensburg
315,31911677,Ana Vega
316,31911677,Alessandra Viel
317,31911677,Joseph Vijai
318,31911677,Maartje J Vogel
319,31911677,Qin Wang
320,31911677,Barbara Wappenschmidt
321,31911677,Clarice R Weinberg
322,31911677,Jeffrey N Weitzel
323,31911677,Camilla Wendt
324,31911677,Hans Wildiers
325,31911677,Robert Winqvist
326,31911677,Alicja Wolk
327,31911677,Anna H Wu
328,31911677,Drakoulis Yannoukakos
329,31911677,Yan Zhang
330,31911677,Wei Zheng
331,31911677,David Hunter
332,31911677,Paul D P Pharoah
333,31911677,Jenny Chang-Claude
334,31911677,Montserrat García-Closas
335,31911677,Marjanka K Schmidt
336,31911677,Roger L Milne
337,31911677,Vessela N Kristensen
338,31911677,Juliet D French
339,31911677,Stacey L Edwards
340,31911677,Antonis C Antoniou
341,31911677,Georgia Chenevix-Trench
342,31911677,Jacques Simard
343,31911677,Douglas F Easton
344,31911677,Peter Kraft
345,31911677,Alison M Dunning
0,31852830,Shelize Khakoo
1,31852830,Paul David Carter
2,31852830,Gina Brown
3,31852830,Nicola Valeri
4,31852830,Simona Picchia
5,31852830,Maria Antonietta Bali
6,31852830,Ridwan Shaikh
7,31852830,Thomas Jones
8,31852830,Ruwaida Begum
9,31852830,Isma Rana
10,31852830,Andrew Wotherspoon
11,31852830,Monica Terlizzo
12,31852830,Katharina von Loga
13,31852830,Eleftheria Kalaitzaki
14,31852830,Claire Saffery
15,31852830,David Watkins
16,31852830,Diana Tait
17,31852830,Ian Chau
18,31852830,Naureen Starling
19,31852830,Michael Hubank
20,31852830,David Cunningham
0,31673835,Xiaokai Mo
1,31673835,Xiangjun Wu
2,31673835,Di Dong
3,31673835,Baoliang Guo
4,31673835,Changhong Liang
5,31673835,Xiaoning Luo
6,31673835,Bin Zhang
7,31673835,Lu Zhang
8,31673835,Yuhao Dong
9,31673835,Zhouyang Lian
10,31673835,Jing Liu
11,31673835,Shufang Pei
12,31673835,Wenhui Huang
13,31673835,Fusheng Ouyang
14,31673835,Jie Tian
15,31673835,Shuixing Zhang
0,31738453,Alexander Jöhl
1,31738453,Stefanie Ehrbar
2,31738453,Matthias Guckenberger
3,31738453,Stephan Klöck
4,31738453,Mirko Meboldt
5,31738453,Melanie Zeilinger
6,31738453,Stephanie Tanadini-Lang
7,31738453,Marianne Schmid Daners
0,31673718,David Krug
1,31673718,Oliver Blanck
2,31673718,Thomas Demming
3,31673718,Matthias Dottermusch
4,31673718,Karoline Koch
5,31673718,Markus Hirt
6,31673718,Laura Kotzott
7,31673718,Adrian Zaman
8,31673718,Lina Eidinger
9,31673718,Frank-Andre Siebert
10,31673718,Jürgen Dunst
11,31673718,Hendrik Bonnemeier
0,31629089,Marinka L F Hol
1,31629089,Daniel J Indelicato
2,31629089,Ronny L Rotondo
3,31629089,Raymond B Mailhot Vega
4,31629089,Haruka Uezono
5,31629089,Natalie A Lockney
6,31629089,Eric Sandler
7,31629089,Julie A Bradley
0,31809980,Maïlys de Meric de Bellefon
1,31809980,Claire Lemanski
2,31809980,Florence Castan
3,31809980,Emmanuelle Samalin
4,31809980,Thibault Mazard
5,31809980,Alexis Lenglet
6,31809980,Sylvain Demontoy
7,31809980,Olivier Riou
8,31809980,Carmen Llacer-Moscardo
9,31809980,Pascal Fenoglietto
10,31809980,Norbert Aillères
11,31809980,Simon Thezenas
12,31809980,Charles Debrigode
13,31809980,Sabine Vieillot
14,31809980,Sophie Gourgou
15,31809980,David Azria
0,31620896,Stefano Guadagni
1,31620896,Giammaria Fiorentini
2,31620896,Michele De Simone
3,31620896,Francesco Masedu
4,31620896,Odisseas Zoras
5,31620896,Andrew Reay Mackay
6,31620896,Donatella Sarti
7,31620896,Ioannis Papasotiriou
8,31620896,Panagiotis Apostolou
9,31620896,Marco Catarci
10,31620896,Marco Clementi
11,31620896,Enrico Ricevuto
12,31620896,Gemma Bruera
0,31451486,Lin Xie
1,31451486,Masayuki Hanyu
2,31451486,Masayuki Fujinaga
3,31451486,Yiding Zhang
4,31451486,Kuan Hu
5,31451486,Katsuyuki Minegishi
6,31451486,Cuiping Jiang
7,31451486,Fuki Kurosawa
8,31451486,Yukie Morokoshi
9,31451486,Huizi Keiko Li
10,31451486,Sumitaka Hasegawa
11,31451486,Kotaro Nagatsu
12,31451486,Ming-Rong Zhang
0,31940492,Danrui Cui
1,31940492,Xiufang Xiong
2,31940492,Jianfeng Shu
3,31940492,Xiaoqing Dai
4,31940492,Yi Sun
5,31940492,Yongchao Zhao
0,31966081,Valerio Nardone
1,31966081,Paolo Tini
2,31966081,Pierpaolo Pastina
3,31966081,Cirino Botta
4,31966081,Alfonso Reginelli
5,31966081,Salvatore Francesco Carbone
6,31966081,Rocco Giannicola
7,31966081,Grazia Calabrese
8,31966081,Carmela Tebala
9,31966081,Cesare Guida
10,31966081,Aldo Giudice
11,31966081,Vito Barbieri
12,31966081,Pierfrancesco Tassone
13,31966081,Pierosandro Tagliaferri
14,31966081,Salvatore Cappabianca
15,31966081,Rosanna Capasso
16,31966081,Amalia Luce
17,31966081,Michele Caraglia
18,31966081,Maria Antonietta Mazzei
19,31966081,Luigi Pirtoli
20,31966081,Pierpaolo Correale
0,31431368,Philippe Bulens
1,31431368,Alice Couwenberg
2,31431368,Martijn Intven
3,31431368,Annelies Debucquoy
4,31431368,Vincent Vandecaveye
5,31431368,Eric Van Cutsem
6,31431368,André D'Hoore
7,31431368,Albert Wolthuis
8,31431368,Pritam Mukherjee
9,31431368,Olivier Gevaert
10,31431368,Karin Haustermans
0,31810653,Victoria Perkins
1,31810653,Kathleen Moore
2,31810653,Sara Vesely
3,31810653,Koji Matsuo
4,31810653,Sayedamin Mostofizadeh
5,31810653,Travis T Sims
6,31810653,Jayanthi Lea
7,31810653,Dominique Barnes
8,31810653,Sixia Chen
9,31810653,Matthew Carlson
10,31810653,Lynda Roman
11,31810653,Bradley J Monk
12,31810653,Laura L Holman
0,31597712,Dina V Hingorani
1,31597712,Matthew K Doan
2,31597712,Maria F Camargo
3,31597712,Joseph Aguilera
4,31597712,Seung M Song
5,31597712,Donald Pizzo
6,31597712,Daniel J Scanderbeg
7,31597712,Ezra E W Cohen
8,31597712,Andrew M Lowy
9,31597712,Stephen R Adams
10,31597712,Sunil J Advani
0,31525407,Sophie C J Bosma
1,31525407,Marlous Hoogstraat
2,31525407,Femke van der Leij
3,31525407,Michiel de Maaker
4,31525407,Jelle Wesseling
5,31525407,Esther Lips
6,31525407,Claudette E Loo
7,31525407,Emiel J Rutgers
8,31525407,Paula H M Elkhuizen
9,31525407,Harry Bartelink
10,31525407,Marc J van de Vijver
0,31559481,J E van Timmeren
1,31559481,W van Elmpt
2,31559481,D de Ruysscher
3,31559481,B Reymen
4,31559481,O Hansen
5,31559481,C Brink
0,32140087,Kather Hussain Mohamathu Rafic
1,32140087,Christopher Sujith
2,32140087,Balakrishnan Rajesh
3,32140087,Ebenezer Suman Babu S
4,32140087,Peace Balasingh Timothy
5,32140087,B Selvamani
6,32140087,Paul B Ravindran
0,31828368,Julia Schollbach
1,31828368,Stefan Kircher
2,31828368,Armin Wiegering
3,31828368,Friedrich Anger
4,31828368,Andreas Rosenwald
5,31828368,Christoph-Thomas Germer
6,31828368,Stefan Löb
0,30484261,Tarek El-Bolkainy
1,30484261,Ghada Mohamed
2,30484261,Omnia Badawy
0,31526079,Yanni Peng
1,31526079,Shujun Fu
2,31526079,Wenfeng Hu
3,31526079,Yanfang Qiu
4,31526079,Lu Zhang
5,31526079,Rong Tan
6,31526079,Lun-Quan Sun
0,31722113,Christian Valdes-Cortez
1,31722113,Yury Niatsetski
2,31722113,Facundo Ballester
3,31722113,Javier Vijande
4,31722113,Cristian Candela-Juan
5,31722113,Jose Perez-Calatayud
0,31960110,Svenja Wagener-Ryczek
1,31960110,Max Schoemmel
2,31960110,Max Kraemer
3,31960110,Christiane Bruns
4,31960110,Wolfgang Schroeder
5,31960110,Thomas Zander
6,31960110,Florian Gebauer
7,31960110,Hakan Alakus
8,31960110,Sabine Merkelbach-Bruse
9,31960110,Reinhard Buettner
10,31960110,Heike Loeser
11,31960110,Martin Thelen
12,31960110,Hans A Schlößer
13,31960110,Alexander Quaas
0,32000906,Anna-Jasmina Donaubauer
1,32000906,Ina Becker
2,32000906,Paul F Rühle
3,32000906,Rainer Fietkau
4,32000906,Udo S Gaipl
5,32000906,Benjamin Frey
0,31769214,Gang Zhou
1,31769214,Xiangqian Chen
2,31769214,Baolong Niu
3,31769214,Yadong Yan
4,31769214,Fan Shao
5,31769214,Yubo Fan
6,31769214,Yu Wang
0,31836957,Filipe Martins
1,31836957,Luis Schiappacasse
2,31836957,Marc Levivier
3,31836957,Constantin Tuleasca
4,31836957,Michel A Cuendet
5,31836957,Veronica Aedo-Lopez
6,31836957,Bianca Gautron Moura
7,31836957,Krisztian Homicsko
8,31836957,Adrienne Bettini
9,31836957,Gregoire Berthod
10,31836957,Camille L Gérard
11,31836957,Alexandre Wicky
12,31836957,Jean Bourhis
13,31836957,Olivier Michielin
0,32579419,H Petra Kok
1,32579419,Erik N K Cressman
2,32579419,Wim Ceelen
3,32579419,Christopher L Brace
4,32579419,Robert Ivkov
5,32579419,Holger Grüll
6,32579419,Gail Ter Haar
7,32579419,Peter Wust
8,32579419,Johannes Crezee
0,31574319,Shearwood McClelland 3rd
1,31574319,Kent W Overton
2,31574319,Brian Overshiner
3,31574319,Karl Bush
4,31574319,Billy W Loo Jr
5,31574319,Lawrie B Skinner
6,31574319,Gordon A Watson
7,31574319,Jordan A Holmes
8,31574319,Susan M Hiniker
9,31574319,Peter G Maxim
0,31848977,Alpaslan Koç
1,31848977,Albert Güveniş
0,31931265,Philip M P Poortmans
1,31931265,Silvia Takanen
2,31931265,Gustavo Nader Marta
3,31931265,Icro Meattini
4,31931265,Orit Kaidar-Person
0,32238681,Mami Iima
1,32238681,Yusuke Iizuka
2,32238681,Yukinori Matsuo
3,32238681,Kenji Takayama
4,32238681,Yuji Nakamoto
5,32238681,Akira Yamamoto
6,32238681,Masako Kataoka
7,32238681,Takayoshi Ishimori
8,32238681,Takashi Mizowaki
9,32238681,Kaori Togashi
0,31906998,Lars Schüttrumpf
1,31906998,Sebastian Marschner
2,31906998,Katrin Scheu
3,31906998,Julia Hess
4,31906998,Sibylle Rietzler
5,31906998,Axel Walch
6,31906998,Philipp Baumeister
7,31906998,Thomas Kirchner
8,31906998,Ute Ganswindt
9,31906998,Horst Zitzelsberger
10,31906998,Claus Belka
11,31906998,Cornelius Maihoefer
0,32072672,Brady E Beltran
1,32072672,Denisse Castro
2,32072672,Sally Paredes
3,32072672,Roberto N Miranda
4,32072672,Jorge J Castillo
0,32065300,Kun Li
1,32065300,Zhuowen Liang
2,32065300,Jiawei Zhang
3,32065300,Xiaoshuang Zuo
4,32065300,Jiakai Sun
5,32065300,Qiao Zheng
6,32065300,Jiwei Song
7,32065300,Tan Ding
8,32065300,Xueyu Hu
9,32065300,Zhe Wang
0,32066626,Giacomo Pirovano
1,32066626,Stephen A Jannetti
2,32066626,Lukas M Carter
3,32066626,Ahmad Sadique
4,32066626,Susanne Kossatz
5,32066626,Navjot Guru
6,32066626,Paula Demétrio De Souza França
7,32066626,Masatomo Maeda
8,32066626,Brian M Zeglis
9,32066626,Jason S Lewis
10,32066626,John L Humm
11,32066626,Thomas Reiner
0,31881546,Kamal Singhrao
1,31881546,Dan Ruan
2,31881546,Jie Fu
3,31881546,Yu Gao
4,31881546,Geraldine Chee
5,31881546,Yingli Yang
6,31881546,Christopher King
7,31881546,Peng Hu
8,31881546,Amar U Kishan
9,31881546,John H Lewis
0,32684854,Daisuke Kawahara
1,32684854,Shuichi Ozawa
2,32684854,Kazushi Yokomachi
3,32684854,Chikako Fujioka
4,32684854,Tomoki Kimura
5,32684854,Kazuo Awai
6,32684854,Yasushi Nagata
0,31991861,Gisella Figlioli
1,31991861,Anders Kvist
2,31991861,Emma Tham
3,31991861,Jana Soukupova
4,31991861,Petra Kleiblova
5,31991861,Taru A Muranen
6,31991861,Nadine Andrieu
7,31991861,Jacopo Azzollini
8,31991861,Judith Balmaña
9,31991861,Alicia Barroso
10,31991861,Javier Benítez
11,31991861,Birgitte Bertelsen
12,31991861,Ana Blanco
13,31991861,Bernardo Bonanni
14,31991861,Åke Borg
15,31991861,Joan Brunet
16,31991861,Daniele Calistri
17,31991861,Mariarosaria Calvello
18,31991861,Stepan Chvojka
19,31991861,Laura Cortesi
20,31991861,Esther Darder
21,31991861,Jesús Del Valle
22,31991861,Orland Diez
23,31991861,ENIGMA Consortium
24,31991861,Séverine Eon-Marchais
25,31991861,Florentia Fostira
26,31991861,GENESIS Study Collaborators
27,31991861,Francesca Gensini
28,31991861,Claude Houdayer
29,31991861,Marketa Janatova
30,31991861,Johanna I Kiiski
31,31991861,Irene Konstantopoulou
32,31991861,Katerina Kubelka-Sabit
33,31991861,Conxi Lázaro
34,31991861,Fabienne Lesueur
35,31991861,Siranoush Manoukian
36,31991861,Ruta Marcinkute
37,31991861,Ugnius Mickys
38,31991861,Virginie Moncoutier
39,31991861,SWE-BRCA Group
40,31991861,Aleksander Myszka
41,31991861,Tu Nguyen-Dumont
42,31991861,Finn Cilius Nielsen
43,31991861,Rimvydas Norvilas
44,31991861,Edith Olah
45,31991861,Ana Osorio
46,31991861,Laura Papi
47,31991861,Bernard Peissel
48,31991861,Ana Peixoto
49,31991861,Dijana Plaseska-Karanfilska
50,31991861,Timea Pócza
51,31991861,Maria Rossing
52,31991861,Vilius Rudaitis
53,31991861,Marta Santamariña
54,31991861,Catarina Santos
55,31991861,Snezhana Smichkoska
56,31991861,Melissa C Southey
57,31991861,Dominique Stoppa-Lyonnet
58,31991861,Manuel Teixeira
59,31991861,Therese Törngren
60,31991861,Angela Toss
61,31991861,Miguel Urioste
62,31991861,Ana Vega
63,31991861,Zdenka Vlckova
64,31991861,Drakoulis Yannoukakos
65,31991861,Valentina Zampiga
66,31991861,Zdenek Kleibl
67,31991861,Paolo Radice
68,31991861,Heli Nevanlinna
69,31991861,Hans Ehrencrona
70,31991861,Ramunas Janavicius
71,31991861,Paolo Peterlongo
0,31842163,Filippo Crimì
1,31842163,Gaya Spolverato
2,31842163,Carmelo Lacognata
3,31842163,Marco Garieri
4,31842163,Diego Cecchin
5,31842163,Emanuele D Urso
6,31842163,Pietro Zucchetta
7,31842163,Salvatore Pucciarelli
8,31842163,Fabio Pomerri
0,32191137,Brigette B Y Ma
1,32191137,Yu-Pei Chen
2,32191137,Edwin P Hui
3,32191137,Xu Liu
4,32191137,Allen K C Chan
5,32191137,Anthony T C Chan
6,32191137,Jun Ma
0,32022529,Aurus Dourado Meneses
1,32022529,Adriane Queiroz Oliveira
2,32022529,Daniel Alencar de Araujo
3,32022529,Denise Teixeira Santos
4,32022529,Larisse Yara de Carvalho
5,32022529,Walberto Monteiro Neiva Eulalio Filho
6,32022529,Zhamshid Okhunov
7,32022529,Juan Gomez Rivas
8,32022529,Domenico Veneziano
9,32022529,Mirandolino Batista Mariano
0,32033574,Rasmus Lübeck Christiansen
1,32033574,Lars Dysager
2,32033574,Anders Smedegaard Bertelsen
3,32033574,Olfred Hansen
4,32033574,Carsten Brink
5,32033574,Uffe Bernchou
0,31913508,Kohei Kawata
1,31913508,Takeshi Kamomae
2,31913508,Hiroshi Oguchi
3,31913508,Fumitaka Kawabata
4,31913508,Kuniyasu Okudaira
5,31913508,Mariko Kawamura
6,31913508,Kazuhiro Ohtakara
7,31913508,Yoshiyuki Itoh
8,31913508,Shinji Naganawa
0,32130979,Ying Li
1,32130979,Jie Yang
2,32130979,Xiaoyan Wu
3,32130979,Weifeng Sun
0,31752654,Csongor György Lengyel
1,31752654,Sara Cecilia Altuna
2,31752654,Baker Shalal Habeeb
3,31752654,Dario Trapani
4,31752654,Shah Zeb Khan
0,31783395,Marco Mueller
1,31783395,Reza Zolfaghari
2,31783395,Adam Briggs
3,31783395,Hugo Furtado
4,31783395,Jeremy Booth
5,31783395,Paul Keall
6,31783395,Doan Nguyen
7,31783395,Ricky O'Brien
8,31783395,Chun-Chien Shieh
0,32311914,Hua Zhang
1,32311914,Qiang Quan
2,32311914,Xiaowei Li
3,32311914,Wenjing Sun
4,32311914,Kairui Zhu
5,32311914,Xiao Wang
6,32311914,Xufang Sun
7,32311914,Meixiao Zhan
8,32311914,Weiguo Xu
9,32311914,Ligong Lu
10,32311914,Jun Fan
11,32311914,Yunfei Gao
0,31918377,A Bongrand
1,31918377,E Busato
2,31918377,P Force
3,31918377,F Martin
4,31918377,G Montarou
0,32172578,László Sikorszki
1,32172578,János Bezsilla
2,32172578,Kornél Vajda
3,32172578,Rita Temesi
0,32362628,Mi-Jo Lee
1,32362628,Hyun-Jin Son
0,32012407,Tomoya Kurokawa
1,32012407,Takuya Nakagawa
2,32012407,Keisuke Matsusaka
3,32012407,Masaki Fukuyo
4,32012407,Masato Mima
5,32012407,Kiyoshi Misawa
6,32012407,Bahityar Rahmutulla
7,32012407,Jun-Ichiro Ikeda
8,32012407,Toyoyuki Hanazawa
9,32012407,Yoshitaka Okamoto
10,32012407,Atsushi Kaneda
0,31998639,Martijn van der Heijden
1,31998639,Paul B M Essers
2,31998639,Monique C de Jong
3,31998639,Reinout H de Roest
4,31998639,Sebastian Sanduleanu
5,31998639,Caroline V M Verhagen
6,31998639,Olga Hamming-Vrieze
7,31998639,Frank Hoebers
8,31998639,Philippe Lambin
9,31998639,Harry Bartelink
10,31998639,C René Leemans
11,31998639,Marcel Verheij
12,31998639,Ruud H Brakenhoff
13,31998639,Michiel W M van den Brekel
14,31998639,Conchita Vens
0,31642129,Hongrong Qian
1,31642129,Guo Tian
2,31642129,Haizhen Zheng
3,31642129,Weifeng Liang
4,31642129,Tian'an Jiang
0,32025221,Amir Ghasemi-Jangjoo
1,32025221,Hosein Ghiasi
0,32524438,Daisuke Kawahara
1,32524438,Shuichi Ozawa
2,32524438,Kazushi Yokomachi
3,32524438,Toru Higaki
4,32524438,Takehiro Shiinoki
5,32524438,Chikako Fujioka
6,32524438,Akito Saito
7,32524438,Kentaro Miki
8,32524438,Tomoki Kimura
9,32524438,Yuji Murakami
10,32524438,Kazuo Awai
11,32524438,Yasushi Nagata
0,31974708,Qifeng Wang
1,31974708,Lin Peng
2,31974708,Tao Li
3,31974708,Wei Dai
4,31974708,Yinchun Jiang
5,31974708,Tianpeng Xie
6,31974708,Qiang Fang
7,31974708,Yi Wang
8,31974708,Lei Wu
9,31974708,Bangrong Cao
10,31974708,Yongtao Han
11,31974708,Jinyi Lang
0,32000818,Christian Schaefer
1,32000818,Constantinos Zamboglou
2,32000818,Natalja Volegova-Neher
3,32000818,Carmen Martini
4,32000818,Nils Henrik Nicolay
5,32000818,Nina-Sophie Schmidt-Hegemann
6,32000818,Paul Rogowski
7,32000818,Minglun Li
8,32000818,Claus Belka
9,32000818,Arndt-Christian Müller
10,32000818,Anca-Ligia Grosu
11,32000818,Thomas Brunner
0,32175102,Camila Casadiego-Peña
1,32175102,Marcelo Torres-Minacapilli
2,32175102,Manuel Najera
3,32175102,Pedro Ferrer
4,32175102,Enrique Chajon
5,32175102,Hugo Marsiglia
0,32026482,Minoru Nakao
1,32026482,Shuichi Ozawa
2,32026482,Hideharu Miura
3,32026482,Kiyoshi Yamada
4,32026482,Kosaku Habara
5,32026482,Masahiro Hayata
6,32026482,Hayate Kusaba
7,32026482,Daisuke Kawahara
8,32026482,Kentaro Miki
9,32026482,Takeo Nakashima
10,32026482,Yusuke Ochi
11,32026482,Shintaro Tsuda
12,32026482,Mineaki Seido
13,32026482,Yoshiharu Morimoto
14,32026482,Atsushi Kawakubo
15,32026482,Hiroshige Nozaki
16,32026482,Yasushi Nagata
0,32117732,Xin Tian
1,32117732,Caixia Sun
2,32117732,Zhenyu Liu
3,32117732,Weili Li
4,32117732,Hui Duan
5,32117732,Lu Wang
6,32117732,Huijian Fan
7,32117732,Mingwei Li
8,32117732,Pengfei Li
9,32117732,Lihui Wang
10,32117732,Ping Liu
11,32117732,Jie Tian
12,32117732,Chunlin Chen
0,32963139,Nobuyuki Shirosaki
1,32963139,Akihiro Takemura
0,31869825,Peng Dong
1,31869825,Lei Xing
0,31860899,Maryam Golshan
1,31860899,Davood Karimi
2,31860899,Sara Mahdavi
3,31860899,Julio Lobo
4,31860899,Michael Peacock
5,31860899,Septimiu E Salcudean
6,31860899,Ingrid Spadinger
0,32007367,Eunkyung Lee
1,32007367,Sung Y Eum
2,32007367,Susan H Slifer
3,32007367,Eden R Martin
4,32007367,Cristiane Takita
5,32007367,Jean L Wright
6,32007367,Robert B Hines
7,32007367,Jennifer J Hu
0,32981391,Sergio Curto
1,32981391,Hendrik Thijmen Mulder
2,32981391,Bassim Aklan
3,32981391,Oliver Mils
4,32981391,Manfred Schmidt
5,32981391,Ulf Lamprecht
6,32981391,Michael Peller
7,32981391,Ruediger Wessalowski
8,32981391,Lars H Lindner
9,32981391,Rainer Fietkau
10,32981391,Daniel Zips
11,32981391,Netteke van Holthe
12,32981391,Martine Franckena
13,32981391,Margarethus M Paulides
14,32981391,Gerard C van Rhoon
0,32292051,Chenyuan Li
1,32292051,Qi Wu
2,32292051,Shengrong Sun
0,32108157,Katsunori Yogo
1,32108157,Akihiro Matsushita
2,32108157,Yuya Tatsuno
3,32108157,Takahiro Shimo
4,32108157,Seiko Hirota
5,32108157,Marika Nozawa
6,32108157,Shuichi Ozawa
7,32108157,Hiromichi Ishiyama
8,32108157,Hiroshi Yasuda
9,32108157,Yasushi Nagata
10,32108157,Kazushige Hayakawa
0,32069736,Hua Zhang
1,32069736,Qiang Quan
2,32069736,Mingyue Zhang
3,32069736,Nan Zhang
4,32069736,Wu Zhang
5,32069736,Meixiao Zhan
6,32069736,Weiguo Xu
7,32069736,Ligong Lu
8,32069736,Jun Fan
9,32069736,Qian Wang
0,32329416,Qi-En He
1,32329416,Yi-Fan Tong
2,32329416,Zhou Ye
3,32329416,Li-Xia Gao
4,32329416,Yi-Zhi Zhang
5,32329416,Ling Wang
6,32329416,Kai Song
0,32063423,Hideharu Miura Ph.D
1,32063423,Shuichi Ozawa Ph.D
2,32063423,Minoru Nakao Ph.D
3,32063423,Yoshiko Doi Ph.D
4,32063423,Katsumaro Kubo MD
5,32063423,"Masahiko Kenjo MD, Ph.D"
6,32063423,"Yasushi Nagata MD, Ph.D"
0,32010703,Marco Dominietto
1,32010703,Alessia Pica
2,32010703,Sairos Safai
3,32010703,Antony J Lomax
4,32010703,Damien C Weber
5,32010703,Enrico Capobianco
0,31963500,Caroline Roelants
1,31963500,Catherine Pillet
2,31963500,Quentin Franquet
3,31963500,Clément Sarrazin
4,31963500,Nicolas Peilleron
5,31963500,Sofia Giacosa
6,31963500,Laurent Guyon
7,31963500,Amina Fontanell
8,31963500,Gaëlle Fiard
9,31963500,Jean-Alexandre Long
10,31963500,Jean-Luc Descotes
11,31963500,Claude Cochet
12,31963500,Odile Filhol
0,31863483,Eiji Shiba
1,31863483,Akito Saito
2,31863483,Makoto Furumi
3,31863483,Daisuke Kawahara
4,31863483,Kentaro Miki
5,31863483,Yuji Murakami
6,31863483,Takayuki Ohguri
7,31863483,Shuichi Ozawa
8,31863483,Masato Tsuneda
9,31863483,Katsuya Yahara
10,31863483,Teiji Nishio
11,31863483,Yukunori Korogi
12,31863483,Yasushi Nagata
0,33223595,Zijian Deng
1,33223595,Xiangkun Xu
2,33223595,Hamid Dehghani
3,33223595,Juvenal Reyes
4,33223595,Lei Zheng
5,33223595,Alexander D Klose
6,33223595,John W Wong
7,33223595,Phuoc T Tran
8,33223595,Ken Kang-Hsin Wang
0,31882552,Yi-Chun Chien
1,31882552,Ying-Hsiang Chou
2,31882552,Wei-Hsun Wang
3,31882552,John Chun-Hao Chen
4,31882552,Wen-Shin Chang
5,31882552,Chia-Wen Tsai
6,31882552,DA-Tian Bau
7,31882552,Jeng-Jong Hwang
0,32307365,Haruhide Kunimoto
1,32307365,Hideharu Miura
2,32307365,Masanori Miyazawa
3,32307365,Masahiro Hayata
4,32307365,Takaaki Matsuura
5,32307365,Shuichi Ozawa
6,32307365,Kiyoshi Yamada
7,32307365,Yasushi Nagata
0,32066879,Nina Struve
1,32066879,Zev A Binder
2,32066879,Lucy F Stead
3,32066879,Tim Brend
4,32066879,Stephen J Bagley
5,32066879,Claire Faulkner
6,32066879,Leonie Ott
7,32066879,Justus Müller-Goebel
8,32066879,Anna-Sophie Weik
9,32066879,Konstantin Hoffer
10,32066879,Leonie Krug
11,32066879,Thorsten Rieckmann
12,32066879,Lara Bußmann
13,32066879,Marvin Henze
14,32066879,Jennifer J D Morrissette
15,32066879,Kathreena M Kurian
16,32066879,Ulrich Schüller
17,32066879,Cordula Petersen
18,32066879,Kai Rothkamm
19,32066879,Donald M O Rourke
20,32066879,Susan C Short
21,32066879,Malte Kriegs
0,31162261,Jingjing Zhang
1,31162261,Harshad R Kulkarni
2,31162261,Aviral Singh
3,31162261,Richard P Baum
0,31589132,Alfonso Reginelli
1,31589132,Maria P Belfiore
2,31589132,Anna Russo
3,31589132,Fabrizio Turriziani
4,31589132,Elvira Moscarella
5,31589132,Teresa Troiani
6,31589132,Gabriella Brancaccio
7,31589132,Andrea Ronchi
8,31589132,Emilio Giunta
9,31589132,Antonello Sica
10,31589132,Francesco Iovino
11,31589132,Fortunato Ciardiello
12,31589132,Renato Franco
13,31589132,Giuseppe Argenziano
14,31589132,Roberto Grassi
15,31589132,Salvatore Cappabianca
0,31714276,Jingjing Zhang
1,31714276,Harshad R Kulkarni
2,31714276,Richard P Baum
0,31977464,Jingjing Zhang
1,31977464,Harshad R Kulkarni
2,31977464,Aviral Singh
3,31977464,Richard P Baum
0,31977472,Jingjing Zhang
1,31977472,Harshad R Kulkarni
2,31977472,Richard P Baum
0,32020207,Li Chen
1,32020207,Ping Ren
2,32020207,Yandong Zhang
3,32020207,Baijuan Gong
4,32020207,Dehai Yu
5,32020207,Xiguang Sun
